id	商品Id	商品metaId	商品数量	货币Id	价格	描述	排序	备注
id	itemId	itemMeta	itemNum	coinId	price	desc	sort	
1	299	0	1	1	1	item.chestplateCloth.name	1	皮甲
2	298	0	1	1	1	item.helmetCloth.name	2	皮头盔
3	300	0	1	1	1	item.leggingsCloth.name	3	皮裤
4	301	0	1	1	1	item.bootsCloth.name	4	皮靴
5	303	0	1	1	20	item.chestplateChain.name	5	锁甲
6	302	0	1	1	10	item.chestplateChain.name	6	锁甲头盔
7	304	0	1	1	20	item.leggingsChain.name	7	锁甲裤
8	305	0	1	1	10	item.bootsChain.name	8	锁甲靴
9	307	0	1	2	6	item.chestplateIron.name	9	铁甲
10	306	0	1	2	3	item.helmetIron.name	10	铁甲头盔
11	308	0	1	2	6	item.leggingsIron.name	11	铁甲裤
12	309	0	1	2	3	item.bootsIron.name	12	铁甲靴
13	311	0	1	3	8	item.chestplateDiamond.name	13	钻石甲
14	310	0	1	3	4	item.helmetDiamond.name	14	钻石头盔
15	312	0	1	3	8	item.leggingsDiamond.name	15	钻石裤
16	313	0	1	3	4	item.bootsDiamond.name	16	钻石靴
17	268	0	1	1	1	item.swordWood.name	1	木剑
18	272	0	1	1	20	item.swordStone.name	2	石剑
19	267	0	1	2	6	item.swordIron.name	3	铁剑
20	276	0	1	3	8	item.swordDiamond.name	4	钻石剑
21	261	0	1	2	15	item.bow.name	5	弓
22	262	0	5	2	2	item.arrow.name	6	箭
23	35	14	10	1	2	tile.cloth.red.name	1	红色羊毛
24	159	14	10	1	10	tile.clayHardenedStained.red.name	2	红色混凝土
25	49	0	1	2	3	tile.obsidian.name	3	黑曜石
26	5	0	10	2	4	tile.wood.oak.name	4	橡木方块
27	270	0	1	1	1	item.pickaxeWood.name	1	木镐
28	271	0	1	1	1	item.hatchetWood.name	2	木斧
29	274	0	1	1	15	item.pickaxeStone.name	3	石镐
30	275	0	1	1	15	item.hatchetStone.name	4	石斧
31	257	0	1	2	2	item.pickaxeIron.name	5	铁镐
32	258	0	1	2	2	item.hatchetIron.name	6	铁斧
33	278	0	1	3	3	item.pickaxeDiamond.name	7	钻石镐
34	279	0	1	3	3	item.hatchetDiamond.name	8	钻石斧
35	297	0	5	1	10	item.bread.name	9	面包
36	364	0	1	2	1	item.beefCooked.name	10	熟牛肉
37	54	0	1	2	2	gui.chest.small.chest	11	箱子
38	46	0	1	2	20	tile.tnt.name	12	TNT
39	517	0	1	2	5	item.potion_heal.name	13	恢复药水
40	529	0	1	3	6	item.potion_splash_poison.name	14	溅射的淬毒药水
41	527	0	1	3	6	item.potion_splash_heal.name	15	溅射的恢复药水
42	514	0	1	3	3	item.potion.jump.name	16	弹跳药水
43	519	0	1	3	3	item.potion_move_speed.name	17	加速药水
44	35	11	10	1	2	tile.cloth.blue.name	1	蓝色羊毛
45	159	11	10	1	10	tile.clayHardenedStained.blue.name	2	蓝色混凝土
46	35	13	10	1	2	tile.cloth.green.name	1	绿色羊毛
47	159	13	10	1	10	tile.clayHardenedStained.green.name	2	绿色混凝土
48	35	4	10	1	2	tile.cloth.yellow.name	1	黄色羊毛
49	159	4	10	1	10	tile.clayHardenedStained.yellow.name	2	黄色混凝土
50	359	0	1	1	2	item.shears.name	7	剪刀
