Id	场景类型(1:特效2:图片3:模型4:场景文字5:mesh)	坐标	参数1	参数2	参数3	参数4	缩放	朝向	Unnamed: 7	Unnamed: 8	Unnamed: 9	Unnamed: 10				
Id	type	pos	param1	param2	param3	param4	scale	yaw								
1	3	130.5,100,130.5	g1018_build_scoreboard.actor	#	#	1	1	0				场景模型表				
2	3	130.5,80,130.5	g1018_build_stadium.actor	#	#	1	1	0					参数1	参数2		
3	3	145,78.01,127.5	g1018_effect_light.actor	#	#	1	1	0				特效	特效名			
4	3	133.5,78.01,116	g1018_effect_light_2.actor	#	#	1	1	0				图片	图集名	图片名		
5	3	116,78.01,133.5	g1018_effect_light.actor	#	#	1	1	0				模型	模型名	动作	动作cd	悬空（1）
6	3	127.5,78.01,145	g1018_effect_light_2.actor	#	#	1	1	0				Mesh	meshNname			
7	3	203.5, 67,130.5	g1018_effect_build_arrow.actor	#	#	1	2	0				场景文字	文字	pitch	颜色	
8	3	130.5,67,203.5	g1018_effect_build_arrow.actor	#	#	1	2	0								
9	3	57.5,67,130.5	g1018_effect_build_arrow.actor	#	#	1	2	0								
10	3	130.5,67,57.5	g1018_effect_build_arrow.actor	#	#	1	2	0								
11	3	43.5,89.5,18	g1018_effect_build_photoflash_1.actor	#	#	1	1	0								
12	3	66.5,84.5,27.5	g1018_effect_build_photoflash_2.actor	#	#	1	1	0								
13	3	91,90,18.5	g1018_effect_build_photoflash_3.actor	#	#	1	1	0								
14	3	115,83,26	g1018_effect_build_photoflash_1.actor	#	#	1	1	0								
15	3	134,89,18	g1018_effect_build_photoflash_2.actor	#	#	1	1	0								
16	3	162,82,26	g1018_effect_build_photoflash_3.actor	#	#	1	1	0								
17	3	186,90,17	g1018_effect_build_photoflash_1.actor	#	#	1	1	0								
18	3	210,82,27	g1018_effect_build_photoflash_2.actor	#	#	1	1	0								
19	3	43.5,89.5,232	g1018_effect_build_photoflash_1.actor	#	#	1	1	0								
20	3	66.5,84.5,233.5	g1018_effect_build_photoflash_2.actor	#	#	1	1	0								
21	3	91,90,232.5	g1018_effect_build_photoflash_3.actor	#	#	1	1	0								
22	3	115,83,232	g1018_effect_build_photoflash_1.actor	#	#	1	1	0								
23	3	134,89,232	g1018_effect_build_photoflash_2.actor	#	#	1	1	0								
24	3	162,82,232	g1018_effect_build_photoflash_3.actor	#	#	1	1	0								
25	3	186,90,232	g1018_effect_build_photoflash_1.actor	#	#	1	1	0								
26	3	210,82,233	g1018_effect_build_photoflash_2.actor	#	#	1	1	0								
27	3	244,92,42.5	g1018_effect_build_photoflash_4.actor	#	#	1	1	0								
28	3	234,84,66.5	g1018_effect_build_photoflash_5.actor	#	#	1	1	0								
29	3	242,91,91	g1018_effect_build_photoflash_6.actor	#	#	1	1	0								
30	3	234.5,85,114.5	g1018_effect_build_photoflash_4.actor	#	#	1	1	0								
31	3	244,93,133.5	g1018_effect_build_photoflash_5.actor	#	#	1	1	0								
32	3	234.5,85,163	g1018_effect_build_photoflash_6.actor	#	#	1	1	0								
33	3	244,92,187	g1018_effect_build_photoflash_4.actor	#	#	1	1	0								
34	3	234,85,211	g1018_effect_build_photoflash_5.actor	#	#	1	1	0								
35	3	18,91.5,218	g1018_effect_build_photoflash_6.actor	#	#	1	1	0								
36	3	26,85.5,194	g1018_effect_build_photoflash_4.actor	#	#	1	1	0								
37	3	18.5,91,170	g1018_effect_build_photoflash_5.actor	#	#	1	1	0								
38	3	26.5,85.5,146	g1018_effect_build_photoflash_6.actor	#	#	1	1	0								
39	3	18,92,126	g1018_effect_build_photoflash_4.actor	#	#	1	1	0								
40	3	27,86,98.5	g1018_effect_build_photoflash_5.actor	#	#	1	1	0								
41	3	17.5,91,74	g1018_effect_build_photoflash_6.actor	#	#	1	1	0								
42	3	26.5,85.5,50	g1018_effect_build_photoflash_4.actor	#	#	1	1	0								
