id	位置	npc配置	npc模型	产出	备注
id	position	npcPosition	actorName	meneralId	
1	203.5,78,119.5	205.5,78,119.5,90	g1018_build_mining_machine_red.actor	1#2#3	红队_铁
2	203.5,78,141.5	205.5,78,141.5,90	g1018_build_mining_machine_red.actor	1#2#3	红队_铁
3	192.5,78,141.5	194.5,78,141.5,90	g1018_build_mining_machine_red.actor	1#2#3	红队_铁
4	192.5,78,119.5	194.5,78,119.5,90	g1018_build_mining_machine_red.actor	1#2#3	红队_铁
5	203.5,79,130.5	205.5,79,130.5,90	g1018_build_mining_machine_red.actor	4#5#6	红队_金
6	192.5,78,192.5	193.5,78,193.5,135	g1018_build_diamond.actor	7#8#9#10	红队_钻
7	141.5,78,203.5	141.5,78,205.5,180	g1018_build_mining_machine_green.actor	1#2#3	绿队_铁
8	119.5,78,203.5	119.5,78,205.5,180	g1018_build_mining_machine_green.actor	1#2#3	绿队_铁
9	141.5,78,192.5	141.5,78,194.5,180	g1018_build_mining_machine_green.actor	1#2#3	绿队_铁
10	119.5,78,192.5	119.5,78,194.5,180	g1018_build_mining_machine_green.actor	1#2#3	绿队_铁
11	130.5,79,203.5	130.5,79,205.5,180	g1018_build_mining_machine_green.actor	4#5#6	绿队_金
12	68.5,78,192.5	67.5,78,193.5,-135	g1018_build_diamond.actor	7#8#9#10	绿队_钻
13	57.5,78,141.5	55.5,78,141.5,-90	g1018_build_mining_machine_blue.actor	1#2#3	蓝队_铁
14	57.5,78,119.5	55.5,78,119.5,-90	g1018_build_mining_machine_blue.actor	1#2#3	蓝队_铁
15	68.5,78,141.5	66.5,78,141.5,-90	g1018_build_mining_machine_blue.actor	1#2#3	蓝队_铁
16	68.5,78,119.5	66.5,78,119.5,-90	g1018_build_mining_machine_blue.actor	1#2#3	蓝队_铁
17	57.5,79,130.5	55.5,79,130.5,-90	g1018_build_mining_machine_blue.actor	4#5#6	蓝队_金
18	68.5,78,68.5	67.5,78,67.5,-45	g1018_build_diamond.actor	7#8#9#10	蓝队_钻
19	119.5,78,57.5	119.5,78,55.5,0	g1018_build_mining_machine_yellow.actor	1#2#3	黄队_铁
20	141.5,78,57.5	141.5,78,55.5,0	g1018_build_mining_machine_yellow.actor	1#2#3	黄队_铁
21	119.5,78,68.5	119.5,78,66.5,0	g1018_build_mining_machine_yellow.actor	1#2#3	黄队_铁
22	141.5,78,68.5	141.5,78,66.5,0	g1018_build_mining_machine_yellow.actor	1#2#3	黄队_铁
23	130.5,79,57.5	130.5,79,55.5,0	g1018_build_mining_machine_yellow.actor	4#5#6	黄队_金
24	192.5,78,68.5	193.5,78,67.5,45	g1018_build_diamond.actor	7#8#9#10	黄队_钻
25	148.5,74,112.5	149.5,74,111.5,45	g1018_build_gold.actor	4#11#12	核心岛_金
26	112.5,74,148.5	111.5,74,149.5,-135	g1018_build_gold.actor	4#11#12	核心岛_金
27	141.5,78,119.5	142.5,78,118.5,45	g1018_build_gold.actor	4#11#12	核心岛_金
28	119.5,78,141.5	118.5,78,142.5,-135	g1018_build_gold.actor	4#11#12	核心岛_金
29	115.5,82,115.5	114.5,82,114.5,-45	g1018_build_diamond.actor	9#10#13	核心岛_钻
30	145.5,82,145.5	146.5,82,146.5,135	g1018_build_diamond.actor	9#10#13	核心岛_钻
